seqIndex,prediction,distToMargin,P(-1),P(+1)
31,1,1.0138831341298107,0.03330525165511406,0.966694748344886
30,1,0.8486396932395378,0.05599262941166702,0.944007370588333
99,1,0.7803129035998104,0.06912114314312852,0.9308788568568716
32,1,0.7413535543928004,0.07783522553058604,0.922164774469414
100,1,0.7253241305143104,0.08170582386466056,0.9182941761353394
38,1,0.6823122558677435,0.09297640455319837,0.9070235954468016
166,1,0.671527025137644,0.0960149702316319,0.9039850297683681
98,1,0.6431168025736663,0.10445033497949614,0.8955496650205038
102,1,0.6120824909058437,0.11441206575169807,0.885587934248302
167,1,0.6006547181842845,0.11828533934011663,0.8817146606598834
33,1,0.5437512823360696,0.1393048414546074,0.8606951585453925
107,1,0.5265407463724336,0.14625384648053139,0.8537461535194687
235,1,0.5146483737917185,0.1512217745970421,0.8487782254029579
34,1,0.5095414988405195,0.15339731386785066,0.8466026861321491
170,1,0.508335318746837,0.15391487167505813,0.8460851283249421
233,1,0.5066337693499595,0.15464741150251682,0.8453525884974832
106,1,0.4958834403717747,0.1593414478769411,0.8406585521230591
232,1,0.48500595123203816,0.16420755398209105,0.8357924460179088
304,1,0.4671994494359629,0.17242902079829203,0.8275709792017079
29,1,0.4615213406606309,0.1751179372218841,0.8248820627781159
168,1,0.4608682702719195,0.17542930049616395,0.8245706995038362
169,1,0.45072473684392833,0.18032111068223075,0.8196788893177693
165,1,0.44553675753949096,0.18286362263791678,0.8171363773620833
37,1,0.43532538824902545,0.18794849735016025,0.8120515026498397
238,1,0.4258440653252161,0.1927657551902493,0.8072342448097506
301,1,0.42344958798520954,0.19399698418378625,0.8060030158162139
239,1,0.42102984322580717,0.19524721416279917,0.8047527858372006
300,1,0.4102771842467949,0.20087603394635056,0.7991239660536494
103,1,0.40747636863268905,0.2023618379160061,0.7976381620839939
237,1,0.381745948143525,0.21639179248965856,0.7836082075103417
101,1,0.37961088233039286,0.2175868002102444,0.7824131997897557
172,1,0.3776537217055004,0.21868638169324806,0.7813136183067518
236,1,0.36087649997414606,0.22827486211285314,0.7717251378871469
174,1,0.3591807807540762,0.22926017943879728,0.7707398205612026
234,1,0.35645890272637454,0.2308479583010666,0.7691520416989333
303,1,0.35553256711875453,0.23139006793417954,0.7686099320658203
35,1,0.34593476027346526,0.23705885586810263,0.7629411441318975
297,1,0.3418348144543961,0.23950925277299626,0.7604907472270038
298,1,0.3380294843706692,0.24179896705656356,0.7582010329434362
173,1,0.33295454837323546,0.24487563255045647,0.7551243674495434
308,1,0.33022760979238436,0.24653966979438452,0.7534603302056153
242,1,0.3022873500046773,0.26402204923567213,0.7359779507643278
231,1,0.299467570979579,0.2658297597770662,0.7341702402229341
305,1,0.29590226973947586,0.268126656913972,0.7318733430860279
171,1,0.28740050017191804,0.2736541826943975,0.7263458173056025
175,1,0.2845883343040028,0.27549806925197595,0.7245019307480242
299,1,0.27938682524795405,0.2789287898051319,0.7210712101948681
105,1,0.2735744863329552,0.2827931805984153,0.7172068194015847
97,1,0.26724857748789266,0.28703562244292524,0.712964377557075
302,1,0.24408439123180148,0.3028895283606703,0.6971104716393298
104,1,0.227845324482591,0.3142935002356248,0.6857064997643753
240,1,0.2077596863557076,0.328713848730168,0.671286151269832
296,1,0.19898592117176553,0.33511776325466613,0.664882236745334
28,1,0.17760591550678337,0.35097573592345355,0.6490242640765465
307,1,0.16000346138934274,0.3612726941102285,0.6387273058897714
241,1,0.13999421468828518,0.37779996595077775,0.6222000340492222
44,1,0.13104012425058814,0.38516176240406597,0.614838237595934
164,1,0.12331640832364793,0.391498426773114,0.608501573226886
36,1,0.09640150985422083,0.41351344991987177,0.5864865500801281
314,1,0.07039146407589077,0.43475339439146354,0.5652466056085363
113,1,0.058469399282404855,0.44449658594601715,0.5555034140539828
96,1,0.030104993465659487,0.46772678817674335,0.5322732118232568
230,1,0.02847638473674674,0.4690630641679272,0.5309369358320727
179,1,0.009350541091888402,0.48477426514393557,0.5152257348560644
306,1,0.0035493594570062664,0.48954524880907324,0.5104547511909268
249,-1,-0.006866273987102616,0.5,0.5
45,-1,-0.009343651976886339,0.5,0.5
112,-1,-0.02197937754695852,0.5105498937255344,0.4894501062744655
27,-1,-0.03741972235360674,0.5232385243823542,0.4767614756176459
246,-1,-0.05230952087586474,0.535439192239136,0.46456080776086406
163,-1,-0.0612582303657526,0.5427454533525542,0.45725454664744564
42,-1,-0.06557258247592361,0.5462589471761942,0.45374105282380567
183,-1,-0.06945341617340123,0.5494137132500273,0.4505862867499727
181,-1,-0.07286407493556153,0.5521814635796725,0.44781853642032743
180,-1,-0.0847609135413409,0.561796140006978,0.4382038599930219
39,-1,-0.08958364274361902,0.5656741448173155,0.43432585518268463
95,-1,-0.12236717141638763,0.5916622289018166,0.4083377710981832
316,-1,-0.1502853113447924,0.6131606691908265,0.3868393308091734
114,-1,-0.1509501826180156,0.6136644991361285,0.3863355008638715
315,-1,-0.16043258941700603,0.6208062886331593,0.3791937113668406
310,-1,-0.17803551910934193,0.6338401573488008,0.36615984265119905
248,-1,-0.2041479010145034,0.6526183638165628,0.34738163618343726
46,-1,-0.2172529962640172,0.6617885110183788,0.33821148898162134
243,-1,-0.22066911340053025,0.6641511015741597,0.3358488984258405
250,-1,-0.22631794223033072,0.6680327959201918,0.33196720407980823
312,-1,-0.2382393673833626,0.6800610173656808,0.3199389826343193
58,-1,-0.25086745008966577,0.6890365813427698,0.31096341865723026
111,-1,-0.2714596078433261,0.703370654292964,0.29662934570703603
245,-1,-0.2741102660970808,0.7051877967299969,0.2948122032700031
247,-1,-0.27412342294329206,0.7051968001544388,0.29480319984556125
176,-1,-0.2752683023864037,0.7059796448278819,0.29402035517211783
177,-1,-0.29033192016535936,0.7161657274498533,0.28383427255014687
182,-1,-0.29043219905962403,0.7162328187596301,0.2837671812403698
26,-1,-0.30170875150256177,0.7237159049395187,0.2762840950604812
43,-1,-0.30772729558193324,0.7276594783632343,0.27234052163676586
311,-1,-0.32189766789944707,0.7368040935171769,0.2631959064828229
108,-1,-0.3223472486716531,0.7370909703784011,0.2629090296215989
291,-1,-0.33890155702194674,0.7475133167241473,0.25248668327585266
51,-1,-0.3418480701227088,0.7493394381329371,0.25066056186706276
115,-1,-0.35931745513592256,0.7599845475126947,0.24001545248730524
109,-1,-0.360187451070062,0.7605065179773384,0.2394934820226616
127,-1,-0.363283259349477,0.7623575921468655,0.23764240785313437
158,-1,-0.37084760604561734,0.7668389765973647,0.23316102340263545
313,-1,-0.38562914668738235,0.7754251788649553,0.22457482113504443
110,-1,-0.38750941010897044,0.7765011151352859,0.2234988848647144
41,-1,-0.38806808080818656,0.7768200928887522,0.22317990711124783
309,-1,-0.3903502751683076,0.7781197592932421,0.221880240706758
295,-1,-0.41558582825578655,0.7921292649408782,0.20787073505912185
40,-1,-0.42740104957468844,0.7984603591888498,0.2015396408111501
23,-1,-0.45868685748490257,0.8145242198269625,0.1854757801730377
293,-1,-0.4588285375393607,0.8145946639220804,0.18540533607791962
244,-1,-0.46018307230432115,0.815267102901197,0.18473289709880306
116,-1,-0.47687386649349767,0.8233984875618799,0.1766015124381201
224,-1,-0.478767366462382,0.8243029752134876,0.17569702478651222
48,-1,-0.48059632334049657,0.8251731673432854,0.17482683265671456
21,-1,-0.4809540173988708,0.8253429555201601,0.17465704447983987
252,-1,-0.4824966272633576,0.8260737036549719,0.17392629634502815
119,-1,-0.4866774404810049,0.8280420542001333,0.1719579457998667
185,-1,-0.49014981328249096,0.8296634160982489,0.17033658390175108
225,-1,-0.4914607625396781,0.8302723732967883,0.16972762670321187
50,-1,-0.49646086926247285,0.8325791069073588,0.1674208930926413
229,-1,-0.5050995696677077,0.8365053397750569,0.1634946602249431
317,-1,-0.5079333594416868,0.8377770411878341,0.16222295881216567
251,-1,-0.5198087606851157,0.8430196495382254,0.15698035046177464
90,-1,-0.5277672993112994,0.8464553589322256,0.15354464106777432
186,-1,-0.546907699813576,0.8544662646117733,0.1455337353882265
120,-1,-0.5503129793453926,0.8558546021463085,0.14414539785369143
118,-1,-0.5583482760126144,0.8590869609252284,0.1409130390747714
162,-1,-0.5677138124838196,0.8627777257558159,0.13722227424418407
178,-1,-0.5689034283239831,0.8632406648929405,0.1367593351070595
57,-1,-0.5714217413095177,0.8642163307201778,0.135783669279822
160,-1,-0.5720526051077371,0.8644598244861221,0.13554017551387784
3,-1,-0.5831016585273968,0.868664985863125,0.13133501413687498
126,-1,-0.5836991698906647,0.8688892061826825,0.13111079381731724
290,-1,-0.588701276567316,0.870753554806956,0.12924644519304387
226,-1,-0.5896984457123421,0.8711225027303203,0.12887749726967995
2,-1,-0.5916872968690065,0.8718556887137453,0.1281443112862548
89,-1,-0.5927413638201081,0.8722428239640582,0.12775717603594203
294,-1,-0.6046717951654327,0.8765553551348028,0.12344464486519717
25,-1,-0.6074972074274276,0.877558175501111,0.12244182449888895
59,-1,-0.6111521695716627,0.8788450205632933,0.12115497943670667
227,-1,-0.6164422387881229,0.880686893282705,0.1193131067172949
321,-1,-0.6180018625245318,0.8812252768671726,0.11877472313282753
184,-1,-0.6219878133284662,0.8825916869411271,0.11740831305887305
292,-1,-0.630783494446527,0.8855587391707247,0.11444126082927529
157,-1,-0.631568394087988,0.8858203120517237,0.11417968794827606
117,-1,-0.6333151414970255,0.8864005582165838,0.1135994417834164
289,-1,-0.6530376204503924,0.8927754145652214,0.10722458543477865
91,-1,-0.6532527926282761,0.8928431963699939,0.10715680363000592
194,-1,-0.6646375395419213,0.8963761064027542,0.10362389359724568
228,-1,-0.6674156416943442,0.8972224276842463,0.10277757231575356
72,-1,-0.6827553060178088,0.9017860609243096,0.09821393907569027
187,-1,-0.6938539477221309,0.9049745258027443,0.09502547419725568
262,-1,-0.693956127795657,0.905003445554586,0.09499655444541402
318,-1,-0.6976603084293723,0.9060465232620388,0.09395347673796128
195,-1,-0.6988272297763196,0.9063729897958804,0.09362701020411972
125,-1,-0.7016550147154428,0.9071598957027838,0.0928401042972162
193,-1,-0.7095059840315155,0.9093135901448522,0.09068640985514784
71,-1,-0.7247107546019164,0.9133570308127179,0.08664296918728201
49,-1,-0.7365620366152673,0.916394758036061,0.08360524196393906
94,-1,-0.7464866567890042,0.9188638365753365,0.08113616342466348
4,-1,-0.7530743892599996,0.9204658593889239,0.07953414061107612
253,-1,-0.7553522920769566,0.9210130494077214,0.07898695059227885
92,-1,-0.7583725537259575,0.9217332590202888,0.07826674097971127
52,-1,-0.7617739603181962,0.9225371579241393,0.07746284207586088
56,-1,-0.7638544902908532,0.9230251417051379,0.07697485829486193
159,-1,-0.7655449670132717,0.9234195627824116,0.0765804372175884
5,-1,-0.7696326363400707,0.9243656465859968,0.07563435341400299
260,-1,-0.7724101488929918,0.9250023612576442,0.07499763874235578
322,-1,-0.7733260006552021,0.9252112282693349,0.07478877173066525
156,-1,-0.7785052210414015,0.9263823580090004,0.07361764199099972
192,-1,-0.7799918365090888,0.9267153818859281,0.07328461811407203
256,-1,-0.7825745225308827,0.9272906445618602,0.07270935543813985
259,-1,-0.7871303066666858,0.9282952554380476,0.07170474456195236
222,-1,-0.792300696453498,0.9294198689246482,0.07058013107535156
47,-1,-0.7980929883909949,0.9306603812319599,0.06933961876804003
93,-1,-0.8016726910650825,0.931416912477408,0.06858308752259187
258,-1,-0.8038729143608231,0.9318781043779915,0.06812189562200847
223,-1,-0.8056097041187027,0.9322401234217744,0.06775987657822587
324,-1,-0.8116053780370055,0.9334762013140201,0.0665237986859801
22,-1,-0.8361139958558164,0.9383140720690586,0.061685927930941506
124,-1,-0.840097983331769,0.9390687597355816,0.060931240264418506
325,-1,-0.8439634548100725,0.9397927369226688,0.06020726307733141
161,-1,-0.8442722095772769,0.939850216135736,0.060149783864263964
61,-1,-0.844962542173594,0.9399785458825047,0.06002145411749517
129,-1,-0.8541379804490432,0.9390718631701097,0.06092813682989033
255,-1,-0.8584877319174964,0.9399116348961948,0.06008836510380517
191,-1,-0.8599243162302814,0.9401865804232571,0.05981341957674288
55,-1,-0.8683695898056246,0.9417790511584694,0.05822094884153061
60,-1,-0.8710574412694052,0.942277416934181,0.05772258306581909
123,-1,-0.8842888971432233,0.9446723409369802,0.055327659063019834
139,-1,-0.8871560823764775,0.9451787191158435,0.05482128088415642
288,-1,-0.8933374975688935,0.9462554640099872,0.05374453599001267
206,-1,-0.893904366132849,0.9463531922758305,0.0536468077241694
196,-1,-0.9150232518474104,0.9498755115605578,0.05012448843944212
128,-1,-0.9330748678081489,0.952709529141333,0.047290470858666944
24,-1,-0.9397346944952525,0.9537156358243747,0.046284364175625335
188,-1,-0.9468302077985427,0.9547648403795863,0.04523515962041365
20,-1,-0.9486524151305908,0.955030559270845,0.04496944072915494
327,-1,-0.966170039458909,0.9575091852033091,0.042490814796690896
87,-1,-0.9766680406529964,0.9589305727451023,0.04106942725489761
287,-1,-0.9818684235193351,0.9596174718140726,0.040382528185927295
261,-1,-0.9825159392269038,0.9597022138511963,0.04029778614880365
200,-1,-0.9859481297283034,0.9601485132187245,0.03985148678127551
331,-1,-0.9980759434099142,0.961687320746048,0.03831267925395203
19,-1,-1.004024656553812,0.9624207839653719,0.037579216034627966
333,-1,-1.0233179504583882,0.9647064953647568,0.03529350463524322
140,-1,-1.02671641533614,0.9650947849175394,0.03490521508246056
335,-1,-1.027387144054719,0.9651709230316388,0.03482907696836118
189,-1,-1.0372977059995052,0.9662771470298434,0.03372285297015674
267,-1,-1.0602798529682635,0.9687115170520422,0.031288482947957934
320,-1,-1.0632022827586947,0.9690084286964172,0.030991571303582717
323,-1,-1.064163798305888,0.9691055093567238,0.030894490643276134
254,-1,-1.0788785762652422,0.9705544167267727,0.02944558327322724
326,-1,-1.0832024743487574,0.9709673101438588,0.02903268985614127
154,-1,-1.0919238816756947,0.9717828459728733,0.028217154027126705
73,-1,-1.0923225134619574,0.9718195772977112,0.028180422702288925
155,-1,-1.0932423636486694,0.9719041556994399,0.028095844300560086
65,-1,-1.1207670503762093,0.9743223030510804,0.02567769694891981
88,-1,-1.1255944317821007,0.9747246874444688,0.025275312555531153
328,-1,-1.1262815949933083,0.9747814565615613,0.025218543438438778
257,-1,-1.1284986924259948,0.9749637611394022,0.02503623886059774
319,-1,-1.133063943043127,0.9753350521750549,0.024664947824945247
269,-1,-1.1429282249402506,0.9761188142966113,0.02388118570338863
121,-1,-1.1439978397801354,0.9762023046246868,0.023797695375313246
54,-1,-1.1573379603262035,0.9772196236640982,0.022780376335901745
265,-1,-1.1615315151736376,0.9775304356378202,0.022469564362179745
190,-1,-1.1626185578759776,0.9776103154283939,0.02238968457160613
202,-1,-1.1633130767455224,0.9776612037695817,0.022338796230418293
220,-1,-1.1702926472079722,0.9781662845448922,0.021833715455107813
74,-1,-1.1709689853373846,0.9782146223628031,0.021785377637196922
132,-1,-1.1729016581756477,0.9783521663136581,0.021647833686341912
133,-1,-1.1756776790626657,0.9785482241444019,0.021451775855597963
330,-1,-1.18204556361943,0.9789913316279707,0.021008668372029332
285,-1,-1.190215432268926,0.979546555990005,0.020453444009994996
221,-1,-1.1964258361462785,0.9799588512317374,0.02004114876826246
334,-1,-1.197353761664572,0.9800197416995486,0.019980258300451345
134,-1,-1.1996758778726213,0.9801713152805583,0.019828684719441676
266,-1,-1.1999075751385333,0.9801863762862864,0.019813623713713747
268,-1,-1.2179402227112013,0.9813243615950537,0.0186756384049463
1,-1,-1.2184094906888654,0.9813530921459019,0.01864690785409816
70,-1,-1.2247622975559924,0.9817377429845423,0.018262257015457695
201,-1,-1.254673711006441,0.9834454410007313,0.01655455899926869
332,-1,-1.2648676118153175,0.9839903521986104,0.01600964780138961
130,-1,-1.2897760254603374,0.9852478764789434,0.014752123521056648
197,-1,-1.2916831774903454,0.9853400047629712,0.014659995237028668
6,-1,-1.3079629149328336,0.9861034585872434,0.013896541412756584
272,-1,-1.3170427527828357,0.9865119213929661,0.013488078607033953
263,-1,-1.3393941958903315,0.9874671507184725,0.012532849281527508
286,-1,-1.3406101018263397,0.9875171356339729,0.012482864366027193
138,-1,-1.3499167128119474,0.9878931970038202,0.012106802996179897
142,-1,-1.3530955268767688,0.9880190405712992,0.01198095942870087
81,-1,-1.361725321924196,0.9883541391937528,0.011645860806247067
64,-1,-1.3726744107086748,0.9887658749495718,0.011234125050428131
199,-1,-1.3834561658624,0.9891571237278396,0.01084287627216041
198,-1,-1.397322101079898,0.9896403706954621,0.010359629304537918
75,-1,-1.4060773594579885,0.9899343710989172,0.010065628901082709
63,-1,-1.4092695039982421,0.9900394786977303,0.009960521302269543
209,-1,-1.413223260460929,0.9901681463677521,0.009831853632247842
264,-1,-1.4165946593454097,0.990276550947443,0.009723449052557015
204,-1,-1.4272642763383756,0.9906118228384836,0.00938817716151647
207,-1,-1.4374094408118938,0.9909199041957861,0.009080095804213982
122,-1,-1.4436684577930978,0.9911049175155299,0.008895082484470103
143,-1,-1.458033123167962,0.9915154211495445,0.008484578850455397
279,-1,-1.4588323360249926,0.9915376966983229,0.008462303301677005
149,-1,-1.465899846812569,0.991732156877395,0.008267843122604828
148,-1,-1.4715170978986627,0.9918835254816534,0.008116474518346602
329,-1,-1.4752682988170673,0.9919830649824152,0.008016935017584778
214,-1,-1.4842949442315105,0.9922176219455627,0.007782378054437253
141,-1,-1.4862973187468365,0.9922687174878927,0.007731282512107198
216,-1,-1.4877866267298914,0.9923065034484754,0.007693496551524482
13,-1,-1.5003143532537295,0.9926171355620944,0.007382864437905579
9,-1,-1.5047623408949355,0.9927243854256651,0.0072756145743350185
205,-1,-1.5049427202423342,0.9927287017399955,0.007271298260004374
271,-1,-1.510751627603981,0.9928663443352617,0.007133655664738351
275,-1,-1.5132738390484,0.9929252949877069,0.007074705012293218
273,-1,-1.5191779636322864,0.993061393711913,0.006938606288086954
62,-1,-1.5488895588354579,0.9937075942758564,0.006292405724143714
215,-1,-1.5571485842333646,0.9938762898409096,0.006123710159090445
208,-1,-1.5665554168055849,0.9940629317149103,0.005937068285089742
282,-1,-1.5688690181416642,0.99410795833302,0.005892041666980096
136,-1,-1.5805194184683442,0.9943295615674848,0.005670438432515151
53,-1,-1.5830939411162512,0.9943773969183572,0.005622603081642645
18,-1,-1.5911317461898198,0.9945241619749691,0.0054758380250309975
270,-1,-1.5995692126668863,0.994674107294036,0.005325892705964022
14,-1,-1.600856593039297,0.9946966221411601,0.0053033778588400336
82,-1,-1.6029265396090386,0.9947326239265927,0.005267376073407407
78,-1,-1.6060531120684143,0.9947865406130303,0.005213459386969797
151,-1,-1.6085694598620555,0.99482953329493,0.005170466705069903
274,-1,-1.616624072842897,0.9949647810596592,0.005035218940340643
83,-1,-1.6176262146798635,0.9949813591130896,0.00501864088691034
150,-1,-1.6188733769502957,0.9950019142736928,0.004998085726307361
8,-1,-1.6206342260762518,0.9950307925926104,0.004969207407389619
131,-1,-1.6301890810673016,0.9951846111767592,0.004815388823240816
146,-1,-1.6327092324730514,0.9952243824845902,0.004775617515409803
67,-1,-1.6370372630276095,0.9952919198940163,0.004708080105983617
218,-1,-1.639494499002744,0.9953298384465887,0.004670161553411144
137,-1,-1.6429634030020952,0.9953828493547924,0.00461715064520775
281,-1,-1.6452598279051829,0.9954176114235084,0.004582388576491572
10,-1,-1.6650542470972978,0.9957066071507239,0.004293392849276197
69,-1,-1.6663296903703193,0.9957245909678542,0.004275409032145838
11,-1,-1.6823657911479986,0.9959443781163954,0.00405562188360456
79,-1,-1.686741164733699,0.9960023596718396,0.003997640328160302
217,-1,-1.6884132997897068,0.9960242989514433,0.003975701048556743
17,-1,-1.700484241862075,0.9961791455094947,0.003820854490505384
86,-1,-1.7087172174471048,0.9962812854734011,0.0037187145265988385
280,-1,-1.7152798182537181,0.9963607437186702,0.0036392562813298674
283,-1,-1.716162006446674,0.9963712947948794,0.003628705205120538
210,-1,-1.717027290124855,0.9963816139817264,0.003618386018273573
213,-1,-1.7181508778222836,0.9963949698771877,0.0036050301228122594
12,-1,-1.7189311023110452,0.9964042152669904,0.003595784733009717
77,-1,-1.7229928404408978,0.9964519639196564,0.00354803608034357
284,-1,-1.728766362067873,0.9965187469293547,0.003481253070645259
276,-1,-1.7403075655587434,0.9966485019727651,0.003351498027235006
203,-1,-1.7494423874516296,0.9967477655427968,0.003252234457203227
16,-1,-1.7545515665299936,0.9968019970626247,0.003198002937375199
147,-1,-1.7725773475248412,0.9969862108222505,0.0030137891777494443
80,-1,-1.773616654616099,0.996996502475094,0.003003497524906016
84,-1,-1.7736839303996796,0.9969971674558159,0.003002832544184247
7,-1,-1.7767157132904308,0.997026982514782,0.0029730174852181063
85,-1,-1.785176170559489,0.9971086278719656,0.0028913721280342934
153,-1,-1.7879436883600255,0.9971348454268698,0.002865154573130218
15,-1,-1.7922923037555303,0.9971755618694477,0.0028244381305522377
152,-1,-1.7972183621704276,0.9972209865386659,0.002779013461334074
219,-1,-1.8013739518596197,0.9972587379971938,0.0027412620028061723
135,-1,-1.8057607618071856,0.9972980337687406,0.0027019662312594006
76,-1,-1.8065733275850357,0.9973052504306109,0.0026947495693890357
68,-1,-1.813562415439032,0.9973665323835427,0.002633467616457309
145,-1,-1.8268760100716332,0.9974794401611784,0.002520559838821725
212,-1,-1.8635674003916096,0.9977661788654827,0.0022338211345173677
66,-1,-1.8832796149925486,0.9979065121571152,0.002093487842884645
144,-1,-1.897809998479365,0.998004279848387,0.001995720151612956
278,-1,-1.9477765504137152,0.9983069366196391,0.0016930633803609407
211,-1,-1.9916565759782918,0.9985346315916347,0.0014653684083653687
277,-1,-2.0210512657810535,0.9986697693160933,0.0013302306839065405
